-- phpMyAdmin SQL Dump
-- version 5.2.1
-- https://www.phpmyadmin.net/
--
-- Host: 127.0.0.1
-- Generation Time: Feb 17, 2026 at 04:24 AM
-- Server version: 10.4.32-MariaDB
-- PHP Version: 8.2.12

SET SQL_MODE = "NO_AUTO_VALUE_ON_ZERO";
START TRANSACTION;
SET time_zone = "+00:00";


/*!40101 SET @OLD_CHARACTER_SET_CLIENT=@@CHARACTER_SET_CLIENT */;
/*!40101 SET @OLD_CHARACTER_SET_RESULTS=@@CHARACTER_SET_RESULTS */;
/*!40101 SET @OLD_COLLATION_CONNECTION=@@COLLATION_CONNECTION */;
/*!40101 SET NAMES utf8mb4 */;

--
-- Database: `library_system`
--

-- --------------------------------------------------------

--
-- Table structure for table `author`
--

CREATE TABLE `author` (
  `authorid` int(11) NOT NULL,
  `name` varchar(200) NOT NULL,
  `status` enum('Enable','Disable') NOT NULL
) ENGINE=InnoDB DEFAULT CHARSET=utf8 COLLATE=utf8_unicode_ci;

--
-- Dumping data for table `author`
--

INSERT INTO `author` (`authorid`, `name`, `status`) VALUES
(2, 'Alan Forbes', 'Enable'),
(3, 'Lynn Beighley &amp; Michael Morrison', 'Enable'),
(4, 'Me', 'Enable'),
(5, 'Beslink ', 'Enable'),
(6, '5', 'Enable'),
(7, 'BCP', 'Enable'),
(8, '', 'Enable'),
(9, '8', 'Enable'),
(10, '7', 'Enable'),
(11, 'asd', 'Enable'),
(12, 'sadasd', 'Enable'),
(13, '12', 'Enable');

-- --------------------------------------------------------

--
-- Table structure for table `book`
--

CREATE TABLE `book` (
  `bookid` int(11) NOT NULL,
  `categoryid` int(11) NOT NULL,
  `authorid` int(11) NOT NULL,
  `rackid` int(11) NOT NULL,
  `name` text NOT NULL,
  `picture` varchar(250) NOT NULL,
  `publisherid` int(11) NOT NULL,
  `isbn` varchar(30) NOT NULL,
  `no_of_copy` int(5) NOT NULL,
  `status` enum('Enable','Disable') NOT NULL,
  `added_on` datetime NOT NULL DEFAULT current_timestamp(),
  `updated_on` datetime NOT NULL DEFAULT current_timestamp()
) ENGINE=InnoDB DEFAULT CHARSET=utf8 COLLATE=utf8_unicode_ci;

--
-- Dumping data for table `book`
--

INSERT INTO `book` (`bookid`, `categoryid`, `authorid`, `rackid`, `name`, `picture`, `publisherid`, `isbn`, `no_of_copy`, `status`, `added_on`, `updated_on`) VALUES
(1, 2, 2, 2, 'The Joy of PHP Programming', 'joy-php.jpg', 8, 'B00BALXN70', 10, 'Enable', '2022-06-12 11:12:48', '2022-06-12 11:13:27'),
(2, 2, 3, 2, 'Head First PHP &amp; MySQL', 'header-first-php.jpg', 9, '0596006306', 10, 'Enable', '2022-06-12 11:16:01', '2022-06-12 11:16:01'),
(3, 2, 7, 1, 'Computer Programming 1', 'Comp1.jpg', 0, '12345', 1, 'Enable', '2022-06-12 13:29:14', '2022-06-12 13:29:14'),
(18, 0, 8, 2, 'Contemporary World', 'contemp.jpg', 0, '15521421', 32, 'Enable', '2026-02-17 06:27:11', '2026-02-17 06:27:11'),
(19, 0, 8, 2, 'Mathematics In Modern World', 'Math.jpg', 0, '253251', 34, 'Enable', '2026-02-17 06:32:43', '2026-02-17 06:32:43'),
(20, 0, 8, 1, 'Introduction to Information Technology Fundamentals', 'ITF.jpg', 0, 'IITF4213', 123, 'Enable', '2026-02-17 06:40:36', '2026-02-17 06:40:36'),
(21, 2, 11, 1, 'BABABA', '', 8, '1234', 1, 'Enable', '2026-02-17 11:20:45', '2026-02-17 11:20:45'),
(22, 1, 13, 1, 'xample', '', 0, 'Xa12351', 23, '', '2026-02-17 11:22:19', '2026-02-17 11:22:19');

-- --------------------------------------------------------

--
-- Table structure for table `category`
--

CREATE TABLE `category` (
  `categoryid` int(11) NOT NULL,
  `name` varchar(200) NOT NULL,
  `status` enum('Enable','Disable') NOT NULL
) ENGINE=InnoDB DEFAULT CHARSET=utf8 COLLATE=utf8_unicode_ci;

--
-- Dumping data for table `category`
--

INSERT INTO `category` (`categoryid`, `name`, `status`) VALUES
(1, 'Web Design', 'Enable'),
(2, 'Programming', 'Enable'),
(3, 'Commerce', 'Enable'),
(4, 'Math', 'Enable'),
(6, 'Web Development', 'Enable');

-- --------------------------------------------------------

--
-- Table structure for table `issued_book`
--

CREATE TABLE `issued_book` (
  `issuebookid` int(11) NOT NULL,
  `bookid` int(11) NOT NULL,
  `userid` int(11) NOT NULL,
  `issue_date_time` datetime NOT NULL DEFAULT current_timestamp(),
  `expected_return_date` datetime NOT NULL,
  `return_date_time` datetime NOT NULL,
  `status` enum('Issued','Returned','Not Return') NOT NULL
) ENGINE=InnoDB DEFAULT CHARSET=utf8 COLLATE=utf8_unicode_ci;

--
-- Dumping data for table `issued_book`
--

INSERT INTO `issued_book` (`issuebookid`, `bookid`, `userid`, `issue_date_time`, `expected_return_date`, `return_date_time`, `status`) VALUES
(1, 2, 2, '2022-06-12 15:33:45', '2022-06-15 16:27:59', '2022-06-16 16:27:59', 'Issued'),
(3, 3, 3, '2022-06-12 18:46:07', '2022-06-30 18:46:02', '2022-06-12 18:46:14', 'Returned');

-- --------------------------------------------------------

--
-- Table structure for table `publisher`
--

CREATE TABLE `publisher` (
  `publisherid` int(11) NOT NULL,
  `name` varchar(255) NOT NULL,
  `status` enum('Enable','Disable') NOT NULL
) ENGINE=InnoDB DEFAULT CHARSET=utf8mb4 COLLATE=utf8mb4_general_ci;

--
-- Dumping data for table `publisher`
--

INSERT INTO `publisher` (`publisherid`, `name`, `status`) VALUES
(2, 'Amazon publishing', 'Enable'),
(3, 'Penguin books ltd.', 'Enable'),
(4, 'Vintage Publishing', 'Enable'),
(5, 'Macmillan Publishers', 'Enable'),
(6, 'Simon &amp; Schuster', 'Enable'),
(7, 'HarperCollins', 'Enable'),
(8, 'Plum Island', 'Enable'),
(9, 'O’Reilly', 'Enable');

-- --------------------------------------------------------

--
-- Table structure for table `rack`
--

CREATE TABLE `rack` (
  `rackid` int(11) NOT NULL,
  `name` varchar(200) NOT NULL,
  `status` enum('Enable','Disable') NOT NULL DEFAULT 'Enable'
) ENGINE=InnoDB DEFAULT CHARSET=utf8 COLLATE=utf8_unicode_ci;

--
-- Dumping data for table `rack`
--

INSERT INTO `rack` (`rackid`, `name`, `status`) VALUES
(1, 'R1', 'Enable'),
(2, 'R2', 'Enable');

-- --------------------------------------------------------

--
-- Table structure for table `user`
--

CREATE TABLE `user` (
  `id` int(11) UNSIGNED NOT NULL,
  `first_name` varchar(255) DEFAULT NULL,
  `last_name` varchar(255) DEFAULT NULL,
  `email` varchar(255) DEFAULT NULL,
  `password` varchar(64) NOT NULL,
  `role` enum('admin','user') DEFAULT 'admin'
) ENGINE=InnoDB DEFAULT CHARSET=utf8 COLLATE=utf8_general_ci;

--
-- Dumping data for table `user`
--

INSERT INTO `user` (`id`, `first_name`, `last_name`, `email`, `password`, `role`) VALUES
(3, 'George', 'Smith', 'goerge@phpzag.com', '202cb962ac59075b964b07152d234b70', 'user'),
(4, 'Adam', '', 'admin@gmail.com', '202cb962ac59075b964b07152d234b70', 'admin'),
(5, 'Owen', 'Ibatuan', 'Owen@gmail.com', '202cb962ac59075b964b07152d234b70', 'admin'),
(6, 'Nemonems', 'Ibs', 'Nemo@gmail.com', '202cb962ac59075b964b07152d234b70', 'user'),
(7, 'James', 'Semilya', 'James@gmaial.com', '202cb962ac59075b964b07152d234b70', 'admin');

--
-- Indexes for dumped tables
--

--
-- Indexes for table `author`
--
ALTER TABLE `author`
  ADD PRIMARY KEY (`authorid`);

--
-- Indexes for table `book`
--
ALTER TABLE `book`
  ADD PRIMARY KEY (`bookid`);

--
-- Indexes for table `category`
--
ALTER TABLE `category`
  ADD PRIMARY KEY (`categoryid`);

--
-- Indexes for table `issued_book`
--
ALTER TABLE `issued_book`
  ADD PRIMARY KEY (`issuebookid`);

--
-- Indexes for table `publisher`
--
ALTER TABLE `publisher`
  ADD PRIMARY KEY (`publisherid`);

--
-- Indexes for table `rack`
--
ALTER TABLE `rack`
  ADD PRIMARY KEY (`rackid`);

--
-- Indexes for table `user`
--
ALTER TABLE `user`
  ADD PRIMARY KEY (`id`);

--
-- AUTO_INCREMENT for dumped tables
--

--
-- AUTO_INCREMENT for table `author`
--
ALTER TABLE `author`
  MODIFY `authorid` int(11) NOT NULL AUTO_INCREMENT, AUTO_INCREMENT=14;

--
-- AUTO_INCREMENT for table `book`
--
ALTER TABLE `book`
  MODIFY `bookid` int(11) NOT NULL AUTO_INCREMENT, AUTO_INCREMENT=23;

--
-- AUTO_INCREMENT for table `category`
--
ALTER TABLE `category`
  MODIFY `categoryid` int(11) NOT NULL AUTO_INCREMENT, AUTO_INCREMENT=7;

--
-- AUTO_INCREMENT for table `issued_book`
--
ALTER TABLE `issued_book`
  MODIFY `issuebookid` int(11) NOT NULL AUTO_INCREMENT, AUTO_INCREMENT=4;

--
-- AUTO_INCREMENT for table `publisher`
--
ALTER TABLE `publisher`
  MODIFY `publisherid` int(11) NOT NULL AUTO_INCREMENT, AUTO_INCREMENT=10;

--
-- AUTO_INCREMENT for table `rack`
--
ALTER TABLE `rack`
  MODIFY `rackid` int(11) NOT NULL AUTO_INCREMENT, AUTO_INCREMENT=4;

--
-- AUTO_INCREMENT for table `user`
--
ALTER TABLE `user`
  MODIFY `id` int(11) UNSIGNED NOT NULL AUTO_INCREMENT, AUTO_INCREMENT=8;
COMMIT;

/*!40101 SET CHARACTER_SET_CLIENT=@OLD_CHARACTER_SET_CLIENT */;
/*!40101 SET CHARACTER_SET_RESULTS=@OLD_CHARACTER_SET_RESULTS */;
/*!40101 SET COLLATION_CONNECTION=@OLD_COLLATION_CONNECTION */;
